{
  "name": "travalsearch",
  "version": "1.0.0",
  "type": "module",
  "scripts": {
    "dev": "NODE_ENV=development tsx server/index.ts",
    "build": "vite build",
    "start": "NODE_ENV=production tsx server/index.ts",
    "db:push": "drizzle-kit push",
    "db:studio": "drizzle-kit studio"
  },
  "dependencies": {
    "@hookform/resolvers": "^3.3.2",
    "@neondatabase/serverless": "^0.9.0",
    "@radix-ui/react-accordion": "^1.1.2",
    "@radix-ui/react-alert-dialog": "^1.0.5",
    "@radix-ui/react-avatar": "^1.0.4",
    "@radix-ui/react-checkbox": "^1.0.4",
    "@radix-ui/react-dialog": "^1.0.5",
    "@radix-ui/react-dropdown-menu": "^2.0.6",
    "@radix-ui/react-label": "^2.0.2",
    "@radix-ui/react-popover": "^1.0.7",
    "@radix-ui/react-select": "^2.0.0",
    "@radix-ui/react-separator": "^1.0.3",
    "@radix-ui/react-slot": "^1.0.2",
    "@radix-ui/react-tabs": "^1.0.4",
    "@radix-ui/react-toast": "^1.1.5",
    "@tanstack/react-query": "^5.0.0",
    "@types/express": "^4.17.21",
    "@types/node": "^20.0.0",
    "@types/react": "^18.2.0",
    "@types/react-dom": "^18.2.0",
    "@vitejs/plugin-react": "^4.2.0",
    "class-variance-authority": "^0.7.0",
    "clsx": "^2.0.0",
    "date-fns": "^3.0.0",
    "drizzle-kit": "^0.20.0",
    "drizzle-orm": "^0.30.0",
    "drizzle-zod": "^0.5.1",
    "express": "^4.18.2",
    "lucide-react": "^0.400.0",
    "react": "^18.2.0",
    "react-dom": "^18.2.0",
    "react-hook-form": "^7.48.0",
    "tailwind-merge": "^2.0.0",
    "tailwindcss": "^3.4.0",
    "tailwindcss-animate": "^1.0.7",
    "tsx": "^4.7.0",
    "typescript": "^5.3.0",
    "vite": "^5.0.0",
    "wouter": "^3.0.0",
    "zod": "^3.22.0"
  }
}